fname,data,method,Shd1,2,3,4,5,6,7,8,9,10,11,Sid1,2,3,4,5,6,7,8,9,10,11,Fs1,2,3,4,5,6,7,8,9,10,11,Mods1,2,3,4,5,6,7,8,9,10,11,Total_models,vars,Time
./data/intv_data/experiment1,poly,DirectLingam,1, 1, 1, 1, 1, 1, 1, 1, 1, 1, 3,1, 1, 1, 1, 1, 1, 1, 1, 1, 1, 3,0, 0, 0, 0, 0, 0, 0, 0, 0, 0, 0.6,1, 1, 1, 1, 1, 1, 1, 1, 1, 1, 1,10,5,2024-02-07 01:25:22.850872
./data/intv_data/experiment1,poly,Continent,0, 0, 0, 0, 1, 1, 1, 1, 1, 1, 1,0, 0, 0, 0, 3, 3, 3, 3, 3, 3, 3,1.0, 1.0, 1.0, 1.0, 0.89, 0.75, 0.75, 0.75, 0.75, 0.75, 0.75,1, 1, 2, 2, 3, 2, 2, 2, 3, 3, 3,10,5,2024-02-07 01:25:22.850901
./data/intv_data/experiment1,poly,Globe,1, 1, 1, 1, 1, 1, 1, 1, 1, 1, 2,1, 1, 1, 1, 1, 1, 1, 1, 1, 1, 3,1, 1, 1, 1, 1, 1, 1, 1, 1, 1, 0.67,1, 1, 1, 1, 1, 1, 1, 1, 1, 1, 1,10,5,2024-02-07 01:25:22.850929
./data/intv_data/experiment1,poly,GES,1, 1, 1, 1, 1, 1, 1, 1, 1, 1, 4,1, 1, 1, 1, 1, 1, 1, 1, 1, 1, 9,1, 1, 1, 1, 1, 1, 1, 1, 1, 1, 0.33,1, 1, 1, 1, 1, 1, 1, 1, 1, 1, 1,10,5,2024-02-07 01:25:22.850954
./data/intv_data/experiment1,poly,JCI-PC,1, 1, 1, 1, 1, 1, 1, 1, 1, 1, 3,1, 1, 1, 1, 1, 1, 1, 1, 1, 1, 6,0, 0, 0, 0, 0, 0, 0, 0, 0, 0, 0.6,1, 1, 1, 1, 1, 1, 1, 1, 1, 1, 1,10,5,2024-02-07 01:25:22.850974
./data/intv_data/experiment2,poly,DirectLingam,1, 1, 1, 1, 1, 1, 1, 1, 1, 1, 5,1, 1, 1, 1, 1, 1, 1, 1, 1, 1, 8,0, 0, 0, 0, 0, 0, 0, 0, 0, 0, 0.44,1, 1, 1, 1, 1, 1, 1, 1, 1, 1, 1,10,5,2024-02-07 01:29:01.563371
./data/intv_data/experiment2,poly,Continent,0, 0, 1, 0, 0, 1, 1, 1, 1, 1, 1,0, 0, 2, 0, 0, 2, 2, 2, 2, 2, 2,1.0, 1.0, 0.91, 1.0, 1.0, 0.91, 0.91, 0.91, 0.91, 0.91, 0.91,1, 1, 1, 2, 2, 3, 3, 3, 3, 3, 3,10,5,2024-02-07 01:29:01.563402
./data/intv_data/experiment2,poly,Globe,1, 1, 1, 1, 1, 1, 1, 1, 1, 1, 3,1, 1, 1, 1, 1, 1, 1, 1, 1, 1, 4,1, 1, 1, 1, 1, 1, 1, 1, 1, 1, 0.67,1, 1, 1, 1, 1, 1, 1, 1, 1, 1, 1,10,5,2024-02-07 01:29:01.563425
./data/intv_data/experiment2,poly,GES,1, 1, 1, 1, 1, 1, 1, 1, 1, 1, 7,1, 1, 1, 1, 1, 1, 1, 1, 1, 1, 19,1, 1, 1, 1, 1, 1, 1, 1, 1, 1, 0.33,1, 1, 1, 1, 1, 1, 1, 1, 1, 1, 1,10,5,2024-02-07 01:29:01.563444
./data/intv_data/experiment2,poly,JCI-PC,1, 1, 1, 1, 1, 1, 1, 1, 1, 1, 6,1, 1, 1, 1, 1, 1, 1, 1, 1, 1, 16,0, 0, 0, 0, 0, 0, 0, 0, 0, 0, 0.53,1, 1, 1, 1, 1, 1, 1, 1, 1, 1, 1,10,5,2024-02-07 01:29:01.563466
./data/intv_data/experiment3,poly,DirectLingam,1, 1, 1, 1, 1, 1, 1, 1, 1, 1, 1,1, 1, 1, 1, 1, 1, 1, 1, 1, 1, 1,0, 0, 0, 0, 0, 0, 0, 0, 0, 0, 0,1, 1, 1, 1, 1, 1, 1, 1, 1, 1, 1,10,5,2024-02-07 01:31:43.420453
./data/intv_data/experiment3,poly,Continent,0, 0, 0, 0, 0, 0, 0, 0, 0, 0, 0,0, 0, 0, 0, 0, 0, 0, 0, 0, 0, 0,1.0, 1.0, 1.0, 1.0, 1.0, 1.0, 1.0, 1.0, 1.0, 1.0, 1.0,1, 2, 2, 2, 2, 2, 2, 2, 2, 2, 2,10,5,2024-02-07 01:31:43.420484
./data/intv_data/experiment3,poly,Globe,1, 1, 1, 1, 1, 1, 1, 1, 1, 1, 0,1, 1, 1, 1, 1, 1, 1, 1, 1, 1, 0,1, 1, 1, 1, 1, 1, 1, 1, 1, 1, 1.0,1, 1, 1, 1, 1, 1, 1, 1, 1, 1, 1,10,5,2024-02-07 01:31:43.420505
./data/intv_data/experiment3,poly,GES,1, 1, 1, 1, 1, 1, 1, 1, 1, 1, 1,1, 1, 1, 1, 1, 1, 1, 1, 1, 1, 1,1, 1, 1, 1, 1, 1, 1, 1, 1, 1, 0,1, 1, 1, 1, 1, 1, 1, 1, 1, 1, 1,10,5,2024-02-07 01:31:43.420525
./data/intv_data/experiment3,poly,JCI-PC,1, 1, 1, 1, 1, 1, 1, 1, 1, 1, 1,1, 1, 1, 1, 1, 1, 1, 1, 1, 1, 2,0, 0, 0, 0, 0, 0, 0, 0, 0, 0, 0.67,1, 1, 1, 1, 1, 1, 1, 1, 1, 1, 1,10,5,2024-02-07 01:31:43.420550
./data/intv_data/experiment4,poly,DirectLingam,1, 1, 1, 1, 1, 1, 1, 1, 1, 1, 5,1, 1, 1, 1, 1, 1, 1, 1, 1, 1, 4,0, 0, 0, 0, 0, 0, 0, 0, 0, 0, 0.4,1, 1, 1, 1, 1, 1, 1, 1, 1, 1, 1,10,5,2024-02-07 01:35:11.095854
./data/intv_data/experiment4,poly,Continent,4, 2, 2, 4, 4, 4, 4, 4, 4, 4, 4,7, 5, 5, 7, 7, 7, 7, 7, 7, 7, 7,0.29, 0.8, 0.8, 0.67, 0.67, 0.67, 0.67, 0.67, 0.67, 0.67, 0.67,1, 2, 2, 3, 4, 4, 4, 4, 4, 4, 4,10,5,2024-02-07 01:35:11.095883
./data/intv_data/experiment4,poly,Globe,1, 1, 1, 1, 1, 1, 1, 1, 1, 1, 1,1, 1, 1, 1, 1, 1, 1, 1, 1, 1, 2,1, 1, 1, 1, 1, 1, 1, 1, 1, 1, 0.86,1, 1, 1, 1, 1, 1, 1, 1, 1, 1, 1,10,5,2024-02-07 01:35:11.095905
./data/intv_data/experiment4,poly,GES,1, 1, 1, 1, 1, 1, 1, 1, 1, 1, 3,1, 1, 1, 1, 1, 1, 1, 1, 1, 1, 6,1, 1, 1, 1, 1, 1, 1, 1, 1, 1, 0.6,1, 1, 1, 1, 1, 1, 1, 1, 1, 1, 1,10,5,2024-02-07 01:35:11.095925
./data/intv_data/experiment4,poly,JCI-PC,1, 1, 1, 1, 1, 1, 1, 1, 1, 1, 6,1, 1, 1, 1, 1, 1, 1, 1, 1, 1, 11,0, 0, 0, 0, 0, 0, 0, 0, 0, 0, 0.18,1, 1, 1, 1, 1, 1, 1, 1, 1, 1, 1,10,5,2024-02-07 01:35:11.095951
./data/intv_data/experiment5,poly,DirectLingam,1, 1, 1, 1, 1, 1, 1, 1, 1, 1, 3,1, 1, 1, 1, 1, 1, 1, 1, 1, 1, 5,0, 0, 0, 0, 0, 0, 0, 0, 0, 0, 0,1, 1, 1, 1, 1, 1, 1, 1, 1, 1, 1,10,5,2024-02-07 01:37:52.211342
./data/intv_data/experiment5,poly,Continent,0, 0, 0, 0, 0, 0, 0, 0, 0, 0, 0,0, 0, 0, 0, 0, 0, 0, 0, 0, 0, 0,1.0, 1.0, 1.0, 1.0, 1.0, 1.0, 1.0, 1.0, 1.0, 1.0, 1.0,1, 1, 2, 2, 2, 2, 2, 2, 2, 2, 2,10,5,2024-02-07 01:37:52.211371
./data/intv_data/experiment5,poly,Globe,1, 1, 1, 1, 1, 1, 1, 1, 1, 1, 3,1, 1, 1, 1, 1, 1, 1, 1, 1, 1, 5,1, 1, 1, 1, 1, 1, 1, 1, 1, 1, 0,1, 1, 1, 1, 1, 1, 1, 1, 1, 1, 1,10,5,2024-02-07 01:37:52.211393
./data/intv_data/experiment5,poly,GES,1, 1, 1, 1, 1, 1, 1, 1, 1, 1, 3,1, 1, 1, 1, 1, 1, 1, 1, 1, 1, 5,1, 1, 1, 1, 1, 1, 1, 1, 1, 1, 0,1, 1, 1, 1, 1, 1, 1, 1, 1, 1, 1,10,5,2024-02-07 01:37:52.211414
./data/intv_data/experiment5,poly,JCI-PC,1, 1, 1, 1, 1, 1, 1, 1, 1, 1, 4,1, 1, 1, 1, 1, 1, 1, 1, 1, 1, 6,0, 0, 0, 0, 0, 0, 0, 0, 0, 0, 0.29,1, 1, 1, 1, 1, 1, 1, 1, 1, 1, 1,10,5,2024-02-07 01:37:52.211447
./data/intv_data/experiment6,poly,DirectLingam,1, 1, 1, 1, 1, 1, 1, 1, 1, 1, 4,1, 1, 1, 1, 1, 1, 1, 1, 1, 1, 5,0, 0, 0, 0, 0, 0, 0, 0, 0, 0, 0,1, 1, 1, 1, 1, 1, 1, 1, 1, 1, 1,10,5,2024-02-07 01:40:33.021445
./data/intv_data/experiment6,poly,Continent,0, 0, 0, 0, 0, 0, 0, 0, 0, 0, 0,0, 0, 0, 0, 0, 0, 0, 0, 0, 0, 0,1.0, 1.0, 1.0, 1.0, 1.0, 1.0, 1.0, 1.0, 1.0, 1.0, 1.0,1, 2, 2, 2, 2, 2, 2, 2, 2, 2, 2,10,5,2024-02-07 01:40:33.021476
./data/intv_data/experiment6,poly,Globe,1, 1, 1, 1, 1, 1, 1, 1, 1, 1, 3,1, 1, 1, 1, 1, 1, 1, 1, 1, 1, 4,1, 1, 1, 1, 1, 1, 1, 1, 1, 1, 0.4,1, 1, 1, 1, 1, 1, 1, 1, 1, 1, 1,10,5,2024-02-07 01:40:33.021496
./data/intv_data/experiment6,poly,GES,1, 1, 1, 1, 1, 1, 1, 1, 1, 1, 3,1, 1, 1, 1, 1, 1, 1, 1, 1, 1, 4,1, 1, 1, 1, 1, 1, 1, 1, 1, 1, 0.4,1, 1, 1, 1, 1, 1, 1, 1, 1, 1, 1,10,5,2024-02-07 01:40:33.021518
./data/intv_data/experiment6,poly,JCI-PC,1, 1, 1, 1, 1, 1, 1, 1, 1, 1, 2,1, 1, 1, 1, 1, 1, 1, 1, 1, 1, 5,0, 0, 0, 0, 0, 0, 0, 0, 0, 0, 0.75,1, 1, 1, 1, 1, 1, 1, 1, 1, 1, 1,10,5,2024-02-07 01:40:33.021556
./data/intv_data/experiment7,poly,DirectLingam,1, 1, 1, 1, 1, 1, 1, 1, 1, 1, 5,1, 1, 1, 1, 1, 1, 1, 1, 1, 1, 9,0, 0, 0, 0, 0, 0, 0, 0, 0, 0, 0,1, 1, 1, 1, 1, 1, 1, 1, 1, 1, 1,10,5,2024-02-07 01:42:50.745231
./data/intv_data/experiment7,poly,Continent,1, 1, 1, 1, 1, 1, 1, 1, 1, 1, 1,3, 3, 3, 3, 3, 3, 3, 3, 3, 3, 3,0.8, 0.8, 0.8, 0.8, 0.8, 0.8, 0.8, 0.8, 0.8, 0.8, 0.8,1, 2, 2, 2, 2, 2, 2, 2, 2, 2, 2,10,5,2024-02-07 01:42:50.745261
./data/intv_data/experiment7,poly,Globe,1, 1, 1, 1, 1, 1, 1, 1, 1, 1, 5,1, 1, 1, 1, 1, 1, 1, 1, 1, 1, 9,1, 1, 1, 1, 1, 1, 1, 1, 1, 1, 0,1, 1, 1, 1, 1, 1, 1, 1, 1, 1, 1,10,5,2024-02-07 01:42:50.745281
./data/intv_data/experiment7,poly,GES,1, 1, 1, 1, 1, 1, 1, 1, 1, 1, 4,1, 1, 1, 1, 1, 1, 1, 1, 1, 1, 7,1, 1, 1, 1, 1, 1, 1, 1, 1, 1, 0.33,1, 1, 1, 1, 1, 1, 1, 1, 1, 1, 1,10,5,2024-02-07 01:42:50.745305
./data/intv_data/experiment7,poly,JCI-PC,1, 1, 1, 1, 1, 1, 1, 1, 1, 1, 2,1, 1, 1, 1, 1, 1, 1, 1, 1, 1, 3,0, 0, 0, 0, 0, 0, 0, 0, 0, 0, 0.75,1, 1, 1, 1, 1, 1, 1, 1, 1, 1, 1,10,5,2024-02-07 01:42:50.745328
./data/intv_data/experiment8,poly,DirectLingam,1, 1, 1, 1, 1, 1, 1, 1, 1, 1, 4,1, 1, 1, 1, 1, 1, 1, 1, 1, 1, 11,0, 0, 0, 0, 0, 0, 0, 0, 0, 0, 0.29,1, 1, 1, 1, 1, 1, 1, 1, 1, 1, 1,10,5,2024-02-07 01:45:54.060875
./data/intv_data/experiment8,poly,Continent,4, 3, 3, 3, 3, 3, 3, 3, 3, 3, 3,11, 10, 10, 10, 10, 10, 10, 10, 10, 10, 10,0.29, 0.5, 0.67, 0.67, 0.67, 0.67, 0.67, 0.67, 0.67, 0.67, 0.67,1, 2, 3, 3, 3, 3, 3, 3, 3, 3, 3,10,5,2024-02-07 01:45:54.060906
./data/intv_data/experiment8,poly,Globe,1, 1, 1, 1, 1, 1, 1, 1, 1, 1, 4,1, 1, 1, 1, 1, 1, 1, 1, 1, 1, 11,1, 1, 1, 1, 1, 1, 1, 1, 1, 1, 0.29,1, 1, 1, 1, 1, 1, 1, 1, 1, 1, 1,10,5,2024-02-07 01:45:54.060929
./data/intv_data/experiment8,poly,GES,1, 1, 1, 1, 1, 1, 1, 1, 1, 1, 5,1, 1, 1, 1, 1, 1, 1, 1, 1, 1, 12,1, 1, 1, 1, 1, 1, 1, 1, 1, 1, 0.44,1, 1, 1, 1, 1, 1, 1, 1, 1, 1, 1,10,5,2024-02-07 01:45:54.060952
./data/intv_data/experiment8,poly,JCI-PC,1, 1, 1, 1, 1, 1, 1, 1, 1, 1, 5,1, 1, 1, 1, 1, 1, 1, 1, 1, 1, 12,0, 0, 0, 0, 0, 0, 0, 0, 0, 0, 0.62,1, 1, 1, 1, 1, 1, 1, 1, 1, 1, 1,10,5,2024-02-07 01:45:54.060978
./data/intv_data/experiment9,poly,DirectLingam,1, 1, 1, 1, 1, 1, 1, 1, 1, 1, 0,1, 1, 1, 1, 1, 1, 1, 1, 1, 1, 0,0, 0, 0, 0, 0, 0, 0, 0, 0, 0, 1.0,1, 1, 1, 1, 1, 1, 1, 1, 1, 1, 1,10,5,2024-02-07 01:48:43.867441
./data/intv_data/experiment9,poly,Continent,3, 2, 2, 2, 2, 2, 2, 2, 3, 3, 3,6, 5, 5, 5, 5, 3, 3, 3, 7, 7, 7,0.4, 0.75, 0.75, 0.75, 0.75, 0.67, 0.67, 0.67, 0.57, 0.57, 0.57,1, 2, 2, 2, 2, 2, 2, 2, 2, 2, 2,10,5,2024-02-07 01:48:43.867473
./data/intv_data/experiment9,poly,Globe,1, 1, 1, 1, 1, 1, 1, 1, 1, 1, 2,1, 1, 1, 1, 1, 1, 1, 1, 1, 1, 3,1, 1, 1, 1, 1, 1, 1, 1, 1, 1, 0.67,1, 1, 1, 1, 1, 1, 1, 1, 1, 1, 1,10,5,2024-02-07 01:48:43.867496
./data/intv_data/experiment9,poly,GES,1, 1, 1, 1, 1, 1, 1, 1, 1, 1, 4,1, 1, 1, 1, 1, 1, 1, 1, 1, 1, 12,1, 1, 1, 1, 1, 1, 1, 1, 1, 1, 0.29,1, 1, 1, 1, 1, 1, 1, 1, 1, 1, 1,10,5,2024-02-07 01:48:43.867520
./data/intv_data/experiment9,poly,JCI-PC,1, 1, 1, 1, 1, 1, 1, 1, 1, 1, 6,1, 1, 1, 1, 1, 1, 1, 1, 1, 1, 12,0, 0, 0, 0, 0, 0, 0, 0, 0, 0, 0.33,1, 1, 1, 1, 1, 1, 1, 1, 1, 1, 1,10,5,2024-02-07 01:48:43.867544
./data/intv_data/experiment10,poly,DirectLingam,1, 1, 1, 1, 1, 1, 1, 1, 1, 1, 5,1, 1, 1, 1, 1, 1, 1, 1, 1, 1, 9,0, 0, 0, 0, 0, 0, 0, 0, 0, 0, 0.29,1, 1, 1, 1, 1, 1, 1, 1, 1, 1, 1,10,5,2024-02-07 01:51:43.419610
./data/intv_data/experiment10,poly,Continent,5, 4, 3, 3, 3, 4, 4, 4, 4, 4, 4,9, 10, 9, 5, 5, 6, 6, 6, 10, 10, 10,0.29, 0.44, 0.73, 0.77, 0.77, 0.67, 0.67, 0.67, 0.6, 0.6, 0.6,1, 2, 3, 4, 4, 3, 3, 3, 3, 3, 3,10,5,2024-02-07 01:51:43.419639
./data/intv_data/experiment10,poly,Globe,1, 1, 1, 1, 1, 1, 1, 1, 1, 1, 4,1, 1, 1, 1, 1, 1, 1, 1, 1, 1, 8,1, 1, 1, 1, 1, 1, 1, 1, 1, 1, 0.5,1, 1, 1, 1, 1, 1, 1, 1, 1, 1, 1,10,5,2024-02-07 01:51:43.419660
./data/intv_data/experiment10,poly,GES,1, 1, 1, 1, 1, 1, 1, 1, 1, 1, 4,1, 1, 1, 1, 1, 1, 1, 1, 1, 1, 12,1, 1, 1, 1, 1, 1, 1, 1, 1, 1, 0.6,1, 1, 1, 1, 1, 1, 1, 1, 1, 1, 1,10,5,2024-02-07 01:51:43.419682
./data/intv_data/experiment10,poly,JCI-PC,1, 1, 1, 1, 1, 1, 1, 1, 1, 1, 4,1, 1, 1, 1, 1, 1, 1, 1, 1, 1, 9,0, 0, 0, 0, 0, 0, 0, 0, 0, 0, 0.6,1, 1, 1, 1, 1, 1, 1, 1, 1, 1, 1,10,5,2024-02-07 01:51:43.419710
./data/intv_data/experiment11,poly,DirectLingam,1, 1, 1, 1, 1, 1, 1, 1, 1, 1, 2,1, 1, 1, 1, 1, 1, 1, 1, 1, 1, 5,0, 0, 0, 0, 0, 0, 0, 0, 0, 0, 0.67,1, 1, 1, 1, 1, 1, 1, 1, 1, 1, 1,10,5,2024-02-07 01:54:58.120008
./data/intv_data/experiment11,poly,Continent,4, 4, 2, 3, 3, 2, 2, 2, 4, 4, 4,9, 9, 5, 2, 2, 5, 5, 5, 9, 9, 9,0, 0, 0.67, 0.73, 0.73, 0.67, 0.67, 0.67, 0, 0, 0,1, 1, 2, 3, 3, 3, 3, 3, 3, 3, 3,10,5,2024-02-07 01:54:58.120045
./data/intv_data/experiment11,poly,Globe,1, 1, 1, 1, 1, 1, 1, 1, 1, 1, 3,1, 1, 1, 1, 1, 1, 1, 1, 1, 1, 8,1, 1, 1, 1, 1, 1, 1, 1, 1, 1, 0.4,1, 1, 1, 1, 1, 1, 1, 1, 1, 1, 1,10,5,2024-02-07 01:54:58.120069
./data/intv_data/experiment11,poly,GES,1, 1, 1, 1, 1, 1, 1, 1, 1, 1, 3,1, 1, 1, 1, 1, 1, 1, 1, 1, 1, 9,1, 1, 1, 1, 1, 1, 1, 1, 1, 1, 0.57,1, 1, 1, 1, 1, 1, 1, 1, 1, 1, 1,10,5,2024-02-07 01:54:58.120088
./data/intv_data/experiment11,poly,JCI-PC,1, 1, 1, 1, 1, 1, 1, 1, 1, 1, 5,1, 1, 1, 1, 1, 1, 1, 1, 1, 1, 16,0, 0, 0, 0, 0, 0, 0, 0, 0, 0, 0.5,1, 1, 1, 1, 1, 1, 1, 1, 1, 1, 1,10,5,2024-02-07 01:54:58.120159
./data/intv_data/experiment12,poly,DirectLingam,1, 1, 1, 1, 1, 1, 1, 1, 1, 1, 2,1, 1, 1, 1, 1, 1, 1, 1, 1, 1, 4,0, 0, 0, 0, 0, 0, 0, 0, 0, 0, 0.73,1, 1, 1, 1, 1, 1, 1, 1, 1, 1, 1,10,5,2024-02-07 01:58:32.561005
./data/intv_data/experiment12,poly,Continent,5, 5, 4, 5, 5, 3, 3, 3, 4, 4, 4,5, 8, 8, 8, 8, 4, 9, 9, 11, 11, 11,0.44, 0.36, 0.6, 0.5, 0.5, 0.67, 0.6, 0.6, 0.44, 0.44, 0.44,1, 2, 2, 3, 3, 3, 3, 3, 3, 3, 3,10,5,2024-02-07 01:58:32.561036
./data/intv_data/experiment12,poly,Globe,1, 1, 1, 1, 1, 1, 1, 1, 1, 1, 3,1, 1, 1, 1, 1, 1, 1, 1, 1, 1, 8,1, 1, 1, 1, 1, 1, 1, 1, 1, 1, 0.5,1, 1, 1, 1, 1, 1, 1, 1, 1, 1, 1,10,5,2024-02-07 01:58:32.561059
./data/intv_data/experiment12,poly,GES,1, 1, 1, 1, 1, 1, 1, 1, 1, 1, 3,1, 1, 1, 1, 1, 1, 1, 1, 1, 1, 13,1, 1, 1, 1, 1, 1, 1, 1, 1, 1, 0.67,1, 1, 1, 1, 1, 1, 1, 1, 1, 1, 1,10,5,2024-02-07 01:58:32.561082
./data/intv_data/experiment12,poly,JCI-PC,1, 1, 1, 1, 1, 1, 1, 1, 1, 1, 4,1, 1, 1, 1, 1, 1, 1, 1, 1, 1, 10,0, 0, 0, 0, 0, 0, 0, 0, 0, 0, 0.5,1, 1, 1, 1, 1, 1, 1, 1, 1, 1, 1,10,5,2024-02-07 01:58:32.561111
./data/intv_data/experiment13,poly,DirectLingam,1, 1, 1, 1, 1, 1, 1, 1, 1, 1, 3,1, 1, 1, 1, 1, 1, 1, 1, 1, 1, 3,0, 0, 0, 0, 0, 0, 0, 0, 0, 0, 0.4,1, 1, 1, 1, 1, 1, 1, 1, 1, 1, 1,10,5,2024-02-07 02:01:40.007766
./data/intv_data/experiment13,poly,Continent,3, 2, 0, 0, 0, 0, 0, 0, 0, 0, 0,5, 4, 0, 0, 0, 0, 0, 0, 0, 0, 0,0, 0.5, 1.0, 1.0, 1.0, 1.0, 1.0, 1.0, 1.0, 1.0, 1.0,1, 2, 3, 3, 3, 3, 3, 3, 2, 2, 2,10,5,2024-02-07 02:01:40.007801
./data/intv_data/experiment13,poly,Globe,1, 1, 1, 1, 1, 1, 1, 1, 1, 1, 2,1, 1, 1, 1, 1, 1, 1, 1, 1, 1, 4,1, 1, 1, 1, 1, 1, 1, 1, 1, 1, 0.5,1, 1, 1, 1, 1, 1, 1, 1, 1, 1, 1,10,5,2024-02-07 02:01:40.007823
./data/intv_data/experiment13,poly,GES,1, 1, 1, 1, 1, 1, 1, 1, 1, 1, 3,1, 1, 1, 1, 1, 1, 1, 1, 1, 1, 6,1, 1, 1, 1, 1, 1, 1, 1, 1, 1, 0.4,1, 1, 1, 1, 1, 1, 1, 1, 1, 1, 1,10,5,2024-02-07 02:01:40.007844
./data/intv_data/experiment13,poly,JCI-PC,1, 1, 1, 1, 1, 1, 1, 1, 1, 1, 4,1, 1, 1, 1, 1, 1, 1, 1, 1, 1, 6,0, 0, 0, 0, 0, 0, 0, 0, 0, 0, 0.29,1, 1, 1, 1, 1, 1, 1, 1, 1, 1, 1,10,5,2024-02-07 02:01:40.007871
./data/intv_data/experiment14,poly,DirectLingam,1, 1, 1, 1, 1, 1, 1, 1, 1, 1, 6,1, 1, 1, 1, 1, 1, 1, 1, 1, 1, 9,0, 0, 0, 0, 0, 0, 0, 0, 0, 0, 0.5,1, 1, 1, 1, 1, 1, 1, 1, 1, 1, 1,10,5,2024-02-07 02:04:54.889353
./data/intv_data/experiment14,poly,Continent,4, 4, 4, 4, 4, 5, 5, 5, 5, 5, 5,12, 12, 12, 12, 12, 13, 13, 13, 13, 13, 13,0.55, 0.55, 0.55, 0.55, 0.55, 0.4, 0.4, 0.4, 0.4, 0.4, 0.4,1, 1, 2, 3, 3, 3, 3, 3, 3, 3, 3,10,5,2024-02-07 02:04:54.889380
./data/intv_data/experiment14,poly,Globe,1, 1, 1, 1, 1, 1, 1, 1, 1, 1, 5,1, 1, 1, 1, 1, 1, 1, 1, 1, 1, 15,1, 1, 1, 1, 1, 1, 1, 1, 1, 1, 0.29,1, 1, 1, 1, 1, 1, 1, 1, 1, 1, 1,10,5,2024-02-07 02:04:54.889401
./data/intv_data/experiment14,poly,GES,1, 1, 1, 1, 1, 1, 1, 1, 1, 1, 5,1, 1, 1, 1, 1, 1, 1, 1, 1, 1, 13,1, 1, 1, 1, 1, 1, 1, 1, 1, 1, 0.55,1, 1, 1, 1, 1, 1, 1, 1, 1, 1, 1,10,5,2024-02-07 02:04:54.889423
./data/intv_data/experiment14,poly,JCI-PC,1, 1, 1, 1, 1, 1, 1, 1, 1, 1, 9,1, 1, 1, 1, 1, 1, 1, 1, 1, 1, 20,0, 0, 0, 0, 0, 0, 0, 0, 0, 0, 0.4,1, 1, 1, 1, 1, 1, 1, 1, 1, 1, 1,10,5,2024-02-07 02:04:54.889447
./data/intv_data/experiment15,poly,DirectLingam,1, 1, 1, 1, 1, 1, 1, 1, 1, 1, 2,1, 1, 1, 1, 1, 1, 1, 1, 1, 1, 3,0, 0, 0, 0, 0, 0, 0, 0, 0, 0, 0.67,1, 1, 1, 1, 1, 1, 1, 1, 1, 1, 1,10,5,2024-02-07 02:07:13.591147
./data/intv_data/experiment15,poly,Continent,0, 0, 1, 1, 1, 1, 1, 1, 1, 1, 1,0, 0, 1, 1, 1, 1, 1, 1, 1, 1, 1,1.0, 1.0, 0.86, 0.86, 0.86, 0.86, 0.86, 0.86, 0.86, 0.86, 0.86,1, 1, 1, 2, 2, 2, 2, 2, 2, 2, 2,10,5,2024-02-07 02:07:13.591176
./data/intv_data/experiment15,poly,Globe,1, 1, 1, 1, 1, 1, 1, 1, 1, 1, 4,1, 1, 1, 1, 1, 1, 1, 1, 1, 1, 5,1, 1, 1, 1, 1, 1, 1, 1, 1, 1, 0,1, 1, 1, 1, 1, 1, 1, 1, 1, 1, 1,10,5,2024-02-07 02:07:13.591210
./data/intv_data/experiment15,poly,GES,1, 1, 1, 1, 1, 1, 1, 1, 1, 1, 4,1, 1, 1, 1, 1, 1, 1, 1, 1, 1, 5,1, 1, 1, 1, 1, 1, 1, 1, 1, 1, 0,1, 1, 1, 1, 1, 1, 1, 1, 1, 1, 1,10,5,2024-02-07 02:07:13.591229
./data/intv_data/experiment15,poly,JCI-PC,1, 1, 1, 1, 1, 1, 1, 1, 1, 1, 4,1, 1, 1, 1, 1, 1, 1, 1, 1, 1, 6,0, 0, 0, 0, 0, 0, 0, 0, 0, 0, 0.5,1, 1, 1, 1, 1, 1, 1, 1, 1, 1, 1,10,5,2024-02-07 02:07:13.591250
./data/intv_data/experiment16,poly,DirectLingam,1, 1, 1, 1, 1, 1, 1, 1, 1, 1, 31,1, 1, 1, 1, 1, 1, 1, 1, 1, 1, 68,0, 0, 0, 0, 0, 0, 0, 0, 0, 0, 0.21,1, 1, 1, 1, 1, 1, 1, 1, 1, 1, 1,10,10,2024-02-07 02:23:00.522641
./data/intv_data/experiment16,poly,Continent,24, 16, 18, 18, 18, 18, 20, 20, 17, 18, 18,60, 41, 46, 47, 45, 45, 56, 56, 58, 49, 49,0.32, 0.63, 0.63, 0.65, 0.66, 0.66, 0.63, 0.63, 0.68, 0.68, 0.68,1, 2, 3, 4, 5, 5, 5, 5, 5, 5, 5,10,10,2024-02-07 02:23:00.522672
./data/intv_data/experiment16,poly,Globe,1, 1, 1, 1, 1, 1, 1, 1, 1, 1, 20,1, 1, 1, 1, 1, 1, 1, 1, 1, 1, 52,1, 1, 1, 1, 1, 1, 1, 1, 1, 1, 0.45,1, 1, 1, 1, 1, 1, 1, 1, 1, 1, 1,10,10,2024-02-07 02:23:00.522691
./data/intv_data/experiment16,poly,GES,1, 1, 1, 1, 1, 1, 1, 1, 1, 1, 16,1, 1, 1, 1, 1, 1, 1, 1, 1, 1, 58,1, 1, 1, 1, 1, 1, 1, 1, 1, 1, 0.64,1, 1, 1, 1, 1, 1, 1, 1, 1, 1, 1,10,10,2024-02-07 02:23:00.522712
./data/intv_data/experiment16,poly,JCI-PC,1, 1, 1, 1, 1, 1, 1, 1, 1, 1, 25,1, 1, 1, 1, 1, 1, 1, 1, 1, 1, 63,0, 0, 0, 0, 0, 0, 0, 0, 0, 0, 0.23,1, 1, 1, 1, 1, 1, 1, 1, 1, 1, 1,10,10,2024-02-07 02:23:00.522735
./data/intv_data/experiment17,poly,DirectLingam,1, 1, 1, 1, 1, 1, 1, 1, 1, 1, 25,1, 1, 1, 1, 1, 1, 1, 1, 1, 1, 61,0, 0, 0, 0, 0, 0, 0, 0, 0, 0, 0.38,1, 1, 1, 1, 1, 1, 1, 1, 1, 1, 1,10,10,2024-02-07 02:34:33.652685
./data/intv_data/experiment17,poly,Continent,10, 10, 6, 6, 6, 7, 5, 8, 7, 7, 8,21, 21, 12, 12, 12, 19, 12, 17, 17, 17, 21,0.7, 0.7, 0.83, 0.83, 0.83, 0.78, 0.85, 0.8, 0.82, 0.82, 0.79,1, 1, 2, 2, 2, 2, 3, 3, 3, 3, 3,10,10,2024-02-07 02:34:33.652718
./data/intv_data/experiment17,poly,Globe,1, 1, 1, 1, 1, 1, 1, 1, 1, 1, 7,1, 1, 1, 1, 1, 1, 1, 1, 1, 1, 14,1, 1, 1, 1, 1, 1, 1, 1, 1, 1, 0.81,1, 1, 1, 1, 1, 1, 1, 1, 1, 1, 1,10,10,2024-02-07 02:34:33.652747
./data/intv_data/experiment17,poly,GES,1, 1, 1, 1, 1, 1, 1, 1, 1, 1, 17,1, 1, 1, 1, 1, 1, 1, 1, 1, 1, 61,1, 1, 1, 1, 1, 1, 1, 1, 1, 1, 0.5,1, 1, 1, 1, 1, 1, 1, 1, 1, 1, 1,10,10,2024-02-07 02:34:33.652767
./data/intv_data/experiment17,poly,JCI-PC,1, 1, 1, 1, 1, 1, 1, 1, 1, 1, 23,1, 1, 1, 1, 1, 1, 1, 1, 1, 1, 69,0, 0, 0, 0, 0, 0, 0, 0, 0, 0, 0.29,1, 1, 1, 1, 1, 1, 1, 1, 1, 1, 1,10,10,2024-02-07 02:34:33.652799
./data/intv_data/experiment18,poly,DirectLingam,1, 1, 1, 1, 1, 1, 1, 1, 1, 1, 26,1, 1, 1, 1, 1, 1, 1, 1, 1, 1, 49,0, 0, 0, 0, 0, 0, 0, 0, 0, 0, 0.32,1, 1, 1, 1, 1, 1, 1, 1, 1, 1, 1,10,10,2024-02-07 02:43:25.712788
./data/intv_data/experiment18,poly,Continent,11, 11, 11, 3, 3, 9, 9, 9, 14, 4, 4,49, 49, 49, 8, 8, 14, 14, 14, 39, 9, 9,0.65, 0.65, 0.65, 0.92, 0.92, 0.73, 0.73, 0.73, 0.5, 0.89, 0.89,1, 2, 2, 3, 3, 3, 3, 3, 3, 3, 3,10,10,2024-02-07 02:43:25.712819
./data/intv_data/experiment18,poly,Globe,1, 1, 1, 1, 1, 1, 1, 1, 1, 1, 14,1, 1, 1, 1, 1, 1, 1, 1, 1, 1, 52,1, 1, 1, 1, 1, 1, 1, 1, 1, 1, 0.5,1, 1, 1, 1, 1, 1, 1, 1, 1, 1, 1,10,10,2024-02-07 02:43:25.712839
./data/intv_data/experiment18,poly,GES,1, 1, 1, 1, 1, 1, 1, 1, 1, 1, 15,1, 1, 1, 1, 1, 1, 1, 1, 1, 1, 60,1, 1, 1, 1, 1, 1, 1, 1, 1, 1, 0.43,1, 1, 1, 1, 1, 1, 1, 1, 1, 1, 1,10,10,2024-02-07 02:43:25.712858
./data/intv_data/experiment18,poly,JCI-PC,1, 1, 1, 1, 1, 1, 1, 1, 1, 1, 19,1, 1, 1, 1, 1, 1, 1, 1, 1, 1, 71,0, 0, 0, 0, 0, 0, 0, 0, 0, 0, 0.33,1, 1, 1, 1, 1, 1, 1, 1, 1, 1, 1,10,10,2024-02-07 02:43:25.712879
./data/intv_data/experiment19,poly,DirectLingam,1, 1, 1, 1, 1, 1, 1, 1, 1, 1, 22,1, 1, 1, 1, 1, 1, 1, 1, 1, 1, 72,0, 0, 0, 0, 0, 0, 0, 0, 0, 0, 0.25,1, 1, 1, 1, 1, 1, 1, 1, 1, 1, 1,10,10,2024-02-07 02:55:11.444084
./data/intv_data/experiment19,poly,Continent,10, 8, 9, 9, 8, 9, 9, 9, 9, 9, 11,41, 57, 50, 50, 57, 63, 63, 63, 63, 63, 66,0.62, 0.71, 0.77, 0.77, 0.71, 0.67, 0.67, 0.67, 0.67, 0.67, 0.58,1, 2, 3, 3, 3, 3, 3, 3, 3, 3, 3,10,10,2024-02-07 02:55:11.444142
./data/intv_data/experiment19,poly,Globe,1, 1, 1, 1, 1, 1, 1, 1, 1, 1, 9,1, 1, 1, 1, 1, 1, 1, 1, 1, 1, 43,1, 1, 1, 1, 1, 1, 1, 1, 1, 1, 0.67,1, 1, 1, 1, 1, 1, 1, 1, 1, 1, 1,10,10,2024-02-07 02:55:11.444162
./data/intv_data/experiment19,poly,GES,1, 1, 1, 1, 1, 1, 1, 1, 1, 1, 14,1, 1, 1, 1, 1, 1, 1, 1, 1, 1, 50,1, 1, 1, 1, 1, 1, 1, 1, 1, 1, 0.58,1, 1, 1, 1, 1, 1, 1, 1, 1, 1, 1,10,10,2024-02-07 02:55:11.444179
./data/intv_data/experiment19,poly,JCI-PC,1, 1, 1, 1, 1, 1, 1, 1, 1, 1, 17,1, 1, 1, 1, 1, 1, 1, 1, 1, 1, 72,0, 0, 0, 0, 0, 0, 0, 0, 0, 0, 0.3,1, 1, 1, 1, 1, 1, 1, 1, 1, 1, 1,10,10,2024-02-07 02:55:11.444204
./data/intv_data/experiment20,poly,DirectLingam,1, 1, 1, 1, 1, 1, 1, 1, 1, 1, 19,1, 1, 1, 1, 1, 1, 1, 1, 1, 1, 66,0, 0, 0, 0, 0, 0, 0, 0, 0, 0, 0.17,1, 1, 1, 1, 1, 1, 1, 1, 1, 1, 1,10,10,2024-02-07 03:07:17.016643
./data/intv_data/experiment20,poly,Continent,20, 1, 1, 1, 1, 2, 2, 2, 2, 2, 2,77, 4, 4, 4, 4, 4, 4, 4, 4, 4, 4,0, 0.97, 0.97, 0.97, 0.97, 0.95, 0.95, 0.95, 0.95, 0.95, 0.95,1, 2, 2, 2, 2, 3, 3, 3, 3, 3, 3,10,10,2024-02-07 03:07:17.016679
./data/intv_data/experiment20,poly,Globe,1, 1, 1, 1, 1, 1, 1, 1, 1, 1, 20,1, 1, 1, 1, 1, 1, 1, 1, 1, 1, 77,1, 1, 1, 1, 1, 1, 1, 1, 1, 1, 0,1, 1, 1, 1, 1, 1, 1, 1, 1, 1, 1,10,10,2024-02-07 03:07:17.016701
./data/intv_data/experiment20,poly,GES,1, 1, 1, 1, 1, 1, 1, 1, 1, 1, 19,1, 1, 1, 1, 1, 1, 1, 1, 1, 1, 74,1, 1, 1, 1, 1, 1, 1, 1, 1, 1, 0.17,1, 1, 1, 1, 1, 1, 1, 1, 1, 1, 1,10,10,2024-02-07 03:07:17.016725
./data/intv_data/experiment20,poly,JCI-PC,1, 1, 1, 1, 1, 1, 1, 1, 1, 1, 22,1, 1, 1, 1, 1, 1, 1, 1, 1, 1, 75,0, 0, 0, 0, 0, 0, 0, 0, 0, 0, 0.08,1, 1, 1, 1, 1, 1, 1, 1, 1, 1, 1,10,10,2024-02-07 03:07:17.016958
./data/intv_data/experiment21,poly,DirectLingam,1, 1, 1, 1, 1, 1, 1, 1, 1, 1, 18,1, 1, 1, 1, 1, 1, 1, 1, 1, 1, 34,0, 0, 0, 0, 0, 0, 0, 0, 0, 0, 0.48,1, 1, 1, 1, 1, 1, 1, 1, 1, 1, 1,10,10,2024-02-07 03:17:53.650548
./data/intv_data/experiment21,poly,Continent,10, 10, 10, 11, 14, 15, 16, 16, 16, 16, 15,25, 26, 26, 25, 23, 24, 26, 26, 26, 26, 33,0.64, 0.62, 0.62, 0.68, 0.63, 0.6, 0.58, 0.58, 0.58, 0.58, 0.57,1, 2, 3, 4, 5, 6, 7, 8, 8, 8, 7,10,10,2024-02-07 03:17:53.650576
./data/intv_data/experiment21,poly,Globe,1, 1, 1, 1, 1, 1, 1, 1, 1, 1, 10,1, 1, 1, 1, 1, 1, 1, 1, 1, 1, 33,1, 1, 1, 1, 1, 1, 1, 1, 1, 1, 0.5,1, 1, 1, 1, 1, 1, 1, 1, 1, 1, 1,10,10,2024-02-07 03:17:53.650602
./data/intv_data/experiment21,poly,GES,1, 1, 1, 1, 1, 1, 1, 1, 1, 1, 12,1, 1, 1, 1, 1, 1, 1, 1, 1, 1, 45,1, 1, 1, 1, 1, 1, 1, 1, 1, 1, 0.48,1, 1, 1, 1, 1, 1, 1, 1, 1, 1, 1,10,10,2024-02-07 03:17:53.650622
./data/intv_data/experiment21,poly,JCI-PC,1, 1, 1, 1, 1, 1, 1, 1, 1, 1, 14,1, 1, 1, 1, 1, 1, 1, 1, 1, 1, 50,0, 0, 0, 0, 0, 0, 0, 0, 0, 0, 0.22,1, 1, 1, 1, 1, 1, 1, 1, 1, 1, 1,10,10,2024-02-07 03:17:53.650645
./data/intv_data/experiment22,poly,DirectLingam,1, 1, 1, 1, 1, 1, 1, 1, 1, 1, 26,1, 1, 1, 1, 1, 1, 1, 1, 1, 1, 65,0, 0, 0, 0, 0, 0, 0, 0, 0, 0, 0.2,1, 1, 1, 1, 1, 1, 1, 1, 1, 1, 1,10,10,2024-02-07 03:29:24.903468
./data/intv_data/experiment22,poly,Continent,17, 4, 4, 4, 2, 2, 2, 2, 2, 2, 11,66, 11, 11, 11, 4, 4, 4, 4, 12, 12, 42,0, 0.87, 0.87, 0.87, 0.94, 0.94, 0.94, 0.94, 0.94, 0.94, 0.52,1, 2, 2, 2, 3, 3, 3, 3, 3, 3, 3,10,10,2024-02-07 03:29:24.903505
./data/intv_data/experiment22,poly,Globe,1, 1, 1, 1, 1, 1, 1, 1, 1, 1, 16,1, 1, 1, 1, 1, 1, 1, 1, 1, 1, 58,1, 1, 1, 1, 1, 1, 1, 1, 1, 1, 0.11,1, 1, 1, 1, 1, 1, 1, 1, 1, 1, 1,10,10,2024-02-07 03:29:24.903530
./data/intv_data/experiment22,poly,GES,1, 1, 1, 1, 1, 1, 1, 1, 1, 1, 16,1, 1, 1, 1, 1, 1, 1, 1, 1, 1, 64,1, 1, 1, 1, 1, 1, 1, 1, 1, 1, 0.33,1, 1, 1, 1, 1, 1, 1, 1, 1, 1, 1,10,10,2024-02-07 03:29:24.903552
./data/intv_data/experiment22,poly,JCI-PC,1, 1, 1, 1, 1, 1, 1, 1, 1, 1, 22,1, 1, 1, 1, 1, 1, 1, 1, 1, 1, 70,0, 0, 0, 0, 0, 0, 0, 0, 0, 0, 0.25,1, 1, 1, 1, 1, 1, 1, 1, 1, 1, 1,10,10,2024-02-07 03:29:24.903582
./data/intv_data/experiment23,poly,DirectLingam,1, 1, 1, 1, 1, 1, 1, 1, 1, 1, 28,1, 1, 1, 1, 1, 1, 1, 1, 1, 1, 56,0, 0, 0, 0, 0, 0, 0, 0, 0, 0, 0.48,1, 1, 1, 1, 1, 1, 1, 1, 1, 1, 1,10,10,2024-02-07 03:43:38.780228
./data/intv_data/experiment23,poly,Continent,19, 18, 17, 18, 18, 19, 22, 21, 21, 21, 23,68, 65, 39, 38, 37, 38, 45, 42, 41, 41, 45,0.51, 0.57, 0.65, 0.64, 0.64, 0.62, 0.59, 0.62, 0.62, 0.62, 0.54,1, 2, 3, 4, 5, 5, 6, 6, 5, 5, 5,10,10,2024-02-07 03:43:38.780260
./data/intv_data/experiment23,poly,Globe,1, 1, 1, 1, 1, 1, 1, 1, 1, 1, 22,1, 1, 1, 1, 1, 1, 1, 1, 1, 1, 67,1, 1, 1, 1, 1, 1, 1, 1, 1, 1, 0.31,1, 1, 1, 1, 1, 1, 1, 1, 1, 1, 1,10,10,2024-02-07 03:43:38.780282
./data/intv_data/experiment23,poly,GES,1, 1, 1, 1, 1, 1, 1, 1, 1, 1, 28,1, 1, 1, 1, 1, 1, 1, 1, 1, 1, 84,1, 1, 1, 1, 1, 1, 1, 1, 1, 1, 0.26,1, 1, 1, 1, 1, 1, 1, 1, 1, 1, 1,10,10,2024-02-07 03:43:38.780303
./data/intv_data/experiment23,poly,JCI-PC,1, 1, 1, 1, 1, 1, 1, 1, 1, 1, 29,1, 1, 1, 1, 1, 1, 1, 1, 1, 1, 77,0, 0, 0, 0, 0, 0, 0, 0, 0, 0, 0.11,1, 1, 1, 1, 1, 1, 1, 1, 1, 1, 1,10,10,2024-02-07 03:43:38.780331
./data/intv_data/experiment24,poly,DirectLingam,1, 1, 1, 1, 1, 1, 1, 1, 1, 1, 17,1, 1, 1, 1, 1, 1, 1, 1, 1, 1, 77,0, 0, 0, 0, 0, 0, 0, 0, 0, 0, 0.17,1, 1, 1, 1, 1, 1, 1, 1, 1, 1, 1,10,10,2024-02-07 03:54:17.636796
./data/intv_data/experiment24,poly,Continent,1, 1, 5, 7, 7, 5, 5, 5, 3, 3, 3,6, 6, 6, 6, 6, 7, 7, 7, 7, 7, 7,0.94, 0.94, 0.87, 0.83, 0.83, 0.86, 0.86, 0.86, 0.91, 0.91, 0.91,1, 2, 3, 4, 4, 3, 3, 3, 3, 3, 3,10,10,2024-02-07 03:54:17.636824
./data/intv_data/experiment24,poly,Globe,1, 1, 1, 1, 1, 1, 1, 1, 1, 1, 17,1, 1, 1, 1, 1, 1, 1, 1, 1, 1, 71,1, 1, 1, 1, 1, 1, 1, 1, 1, 1, 0,1, 1, 1, 1, 1, 1, 1, 1, 1, 1, 1,10,10,2024-02-07 03:54:17.636850
./data/intv_data/experiment24,poly,GES,1, 1, 1, 1, 1, 1, 1, 1, 1, 1, 16,1, 1, 1, 1, 1, 1, 1, 1, 1, 1, 61,1, 1, 1, 1, 1, 1, 1, 1, 1, 1, 0.32,1, 1, 1, 1, 1, 1, 1, 1, 1, 1, 1,10,10,2024-02-07 03:54:17.636873
./data/intv_data/experiment24,poly,JCI-PC,1, 1, 1, 1, 1, 1, 1, 1, 1, 1, 21,1, 1, 1, 1, 1, 1, 1, 1, 1, 1, 76,0, 0, 0, 0, 0, 0, 0, 0, 0, 0, 0.27,1, 1, 1, 1, 1, 1, 1, 1, 1, 1, 1,10,10,2024-02-07 03:54:17.636896
./data/intv_data/experiment25,poly,DirectLingam,1, 1, 1, 1, 1, 1, 1, 1, 1, 1, 21,1, 1, 1, 1, 1, 1, 1, 1, 1, 1, 68,0, 0, 0, 0, 0, 0, 0, 0, 0, 0, 0,1, 1, 1, 1, 1, 1, 1, 1, 1, 1, 1,10,10,2024-02-07 04:06:18.457843
./data/intv_data/experiment25,poly,Continent,6, 6, 1, 1, 1, 1, 1, 1, 3, 3, 3,13, 13, 0, 0, 0, 0, 0, 0, 6, 6, 6,0.82, 0.82, 0.97, 0.97, 0.97, 0.97, 0.97, 0.97, 0.92, 0.92, 0.92,1, 1, 2, 3, 4, 4, 4, 4, 4, 4, 4,10,10,2024-02-07 04:06:18.457874
./data/intv_data/experiment25,poly,Globe,1, 1, 1, 1, 1, 1, 1, 1, 1, 1, 4,1, 1, 1, 1, 1, 1, 1, 1, 1, 1, 9,1, 1, 1, 1, 1, 1, 1, 1, 1, 1, 0.88,1, 1, 1, 1, 1, 1, 1, 1, 1, 1, 1,10,10,2024-02-07 04:06:18.457894
./data/intv_data/experiment25,poly,GES,1, 1, 1, 1, 1, 1, 1, 1, 1, 1, 17,1, 1, 1, 1, 1, 1, 1, 1, 1, 1, 46,1, 1, 1, 1, 1, 1, 1, 1, 1, 1, 0.47,1, 1, 1, 1, 1, 1, 1, 1, 1, 1, 1,10,10,2024-02-07 04:06:18.457919
./data/intv_data/experiment25,poly,JCI-PC,1, 1, 1, 1, 1, 1, 1, 1, 1, 1, 14,1, 1, 1, 1, 1, 1, 1, 1, 1, 1, 53,0, 0, 0, 0, 0, 0, 0, 0, 0, 0, 0.53,1, 1, 1, 1, 1, 1, 1, 1, 1, 1, 1,10,10,2024-02-07 04:06:18.457940
./data/intv_data/experiment26,poly,DirectLingam,1, 1, 1, 1, 1, 1, 1, 1, 1, 1, 19,1, 1, 1, 1, 1, 1, 1, 1, 1, 1, 79,0, 0, 0, 0, 0, 0, 0, 0, 0, 0, 0.17,1, 1, 1, 1, 1, 1, 1, 1, 1, 1, 1,10,10,2024-02-07 04:21:23.229405
./data/intv_data/experiment26,poly,Continent,21, 21, 10, 7, 7, 7, 7, 7, 10, 10, 10,81, 81, 35, 14, 14, 15, 15, 15, 43, 43, 43,0, 0, 0.75, 0.84, 0.84, 0.84, 0.84, 0.84, 0.71, 0.71, 0.71,1, 1, 2, 3, 3, 4, 4, 4, 4, 4, 4,10,10,2024-02-07 04:21:23.229457
./data/intv_data/experiment26,poly,Globe,1, 1, 1, 1, 1, 1, 1, 1, 1, 1, 15,1, 1, 1, 1, 1, 1, 1, 1, 1, 1, 75,1, 1, 1, 1, 1, 1, 1, 1, 1, 1, 0.44,1, 1, 1, 1, 1, 1, 1, 1, 1, 1, 1,10,10,2024-02-07 04:21:23.229478
./data/intv_data/experiment26,poly,GES,1, 1, 1, 1, 1, 1, 1, 1, 1, 1, 26,1, 1, 1, 1, 1, 1, 1, 1, 1, 1, 77,1, 1, 1, 1, 1, 1, 1, 1, 1, 1, 0.12,1, 1, 1, 1, 1, 1, 1, 1, 1, 1, 1,10,10,2024-02-07 04:21:23.229499
./data/intv_data/experiment26,poly,JCI-PC,1, 1, 1, 1, 1, 1, 1, 1, 1, 1, 28,1, 1, 1, 1, 1, 1, 1, 1, 1, 1, 74,0, 0, 0, 0, 0, 0, 0, 0, 0, 0, 0.21,1, 1, 1, 1, 1, 1, 1, 1, 1, 1, 1,10,10,2024-02-07 04:21:23.229631
./data/intv_data/experiment27,poly,DirectLingam,1, 1, 1, 1, 1, 1, 1, 1, 1, 1, 18,1, 1, 1, 1, 1, 1, 1, 1, 1, 1, 44,0, 0, 0, 0, 0, 0, 0, 0, 0, 0, 0.4,1, 1, 1, 1, 1, 1, 1, 1, 1, 1, 1,10,10,2024-02-07 04:31:55.114895
./data/intv_data/experiment27,poly,Continent,18, 19, 19, 20, 19, 19, 19, 17, 17, 15, 15,49, 50, 48, 47, 46, 46, 43, 43, 45, 42, 42,0.37, 0.44, 0.46, 0.45, 0.49, 0.49, 0.55, 0.6, 0.56, 0.6, 0.6,1, 2, 3, 4, 5, 6, 7, 7, 7, 7, 7,10,10,2024-02-07 04:31:55.114925
./data/intv_data/experiment27,poly,Globe,1, 1, 1, 1, 1, 1, 1, 1, 1, 1, 19,1, 1, 1, 1, 1, 1, 1, 1, 1, 1, 46,1, 1, 1, 1, 1, 1, 1, 1, 1, 1, 0.29,1, 1, 1, 1, 1, 1, 1, 1, 1, 1, 1,10,10,2024-02-07 04:31:55.114947
./data/intv_data/experiment27,poly,GES,1, 1, 1, 1, 1, 1, 1, 1, 1, 1, 24,1, 1, 1, 1, 1, 1, 1, 1, 1, 1, 80,1, 1, 1, 1, 1, 1, 1, 1, 1, 1, 0.26,1, 1, 1, 1, 1, 1, 1, 1, 1, 1, 1,10,10,2024-02-07 04:31:55.114967
./data/intv_data/experiment27,poly,JCI-PC,1, 1, 1, 1, 1, 1, 1, 1, 1, 1, 22,1, 1, 1, 1, 1, 1, 1, 1, 1, 1, 63,0, 0, 0, 0, 0, 0, 0, 0, 0, 0, 0.46,1, 1, 1, 1, 1, 1, 1, 1, 1, 1, 1,10,10,2024-02-07 04:31:55.114988
./data/intv_data/experiment28,poly,DirectLingam,1, 1, 1, 1, 1, 1, 1, 1, 1, 1, 21,1, 1, 1, 1, 1, 1, 1, 1, 1, 1, 66,0, 0, 0, 0, 0, 0, 0, 0, 0, 0, 0.09,1, 1, 1, 1, 1, 1, 1, 1, 1, 1, 1,10,10,2024-02-07 04:42:48.931754
./data/intv_data/experiment28,poly,Continent,12, 7, 7, 7, 6, 7, 7, 7, 7, 7, 7,36, 19, 19, 19, 7, 5, 5, 5, 5, 5, 5,0.67, 0.82, 0.82, 0.82, 0.85, 0.84, 0.84, 0.84, 0.84, 0.84, 0.84,1, 2, 3, 3, 4, 5, 6, 6, 6, 6, 6,10,10,2024-02-07 04:42:48.931784
./data/intv_data/experiment28,poly,Globe,1, 1, 1, 1, 1, 1, 1, 1, 1, 1, 13,1, 1, 1, 1, 1, 1, 1, 1, 1, 1, 46,1, 1, 1, 1, 1, 1, 1, 1, 1, 1, 0.58,1, 1, 1, 1, 1, 1, 1, 1, 1, 1, 1,10,10,2024-02-07 04:42:48.931809
./data/intv_data/experiment28,poly,GES,1, 1, 1, 1, 1, 1, 1, 1, 1, 1, 17,1, 1, 1, 1, 1, 1, 1, 1, 1, 1, 58,1, 1, 1, 1, 1, 1, 1, 1, 1, 1, 0.45,1, 1, 1, 1, 1, 1, 1, 1, 1, 1, 1,10,10,2024-02-07 04:42:48.931832
./data/intv_data/experiment28,poly,JCI-PC,1, 1, 1, 1, 1, 1, 1, 1, 1, 1, 26,1, 1, 1, 1, 1, 1, 1, 1, 1, 1, 56,0, 0, 0, 0, 0, 0, 0, 0, 0, 0, 0.26,1, 1, 1, 1, 1, 1, 1, 1, 1, 1, 1,10,10,2024-02-07 04:42:48.931855
./data/intv_data/experiment29,poly,DirectLingam,1, 1, 1, 1, 1, 1, 1, 1, 1, 1, 22,1, 1, 1, 1, 1, 1, 1, 1, 1, 1, 65,0, 0, 0, 0, 0, 0, 0, 0, 0, 0, 0.17,1, 1, 1, 1, 1, 1, 1, 1, 1, 1, 1,10,10,2024-02-07 04:52:41.356998
./data/intv_data/experiment29,poly,Continent,14, 15, 16, 16, 16, 16, 16, 16, 14, 17, 17,58, 54, 55, 52, 52, 55, 55, 55, 50, 50, 50,0.42, 0.4, 0.45, 0.49, 0.49, 0.42, 0.42, 0.42, 0.48, 0.44, 0.44,1, 2, 3, 4, 4, 3, 3, 3, 3, 4, 4,10,10,2024-02-07 04:52:41.357028
./data/intv_data/experiment29,poly,Globe,1, 1, 1, 1, 1, 1, 1, 1, 1, 1, 15,1, 1, 1, 1, 1, 1, 1, 1, 1, 1, 49,1, 1, 1, 1, 1, 1, 1, 1, 1, 1, 0.35,1, 1, 1, 1, 1, 1, 1, 1, 1, 1, 1,10,10,2024-02-07 04:52:41.357055
./data/intv_data/experiment29,poly,GES,1, 1, 1, 1, 1, 1, 1, 1, 1, 1, 12,1, 1, 1, 1, 1, 1, 1, 1, 1, 1, 63,1, 1, 1, 1, 1, 1, 1, 1, 1, 1, 0.67,1, 1, 1, 1, 1, 1, 1, 1, 1, 1, 1,10,10,2024-02-07 04:52:41.357077
./data/intv_data/experiment29,poly,JCI-PC,1, 1, 1, 1, 1, 1, 1, 1, 1, 1, 16,1, 1, 1, 1, 1, 1, 1, 1, 1, 1, 72,0, 0, 0, 0, 0, 0, 0, 0, 0, 0, 0.36,1, 1, 1, 1, 1, 1, 1, 1, 1, 1, 1,10,10,2024-02-07 04:52:41.357102
./data/intv_data/experiment30,poly,DirectLingam,1, 1, 1, 1, 1, 1, 1, 1, 1, 1, 22,1, 1, 1, 1, 1, 1, 1, 1, 1, 1, 67,0, 0, 0, 0, 0, 0, 0, 0, 0, 0, 0.15,1, 1, 1, 1, 1, 1, 1, 1, 1, 1, 1,10,10,2024-02-07 05:06:27.994683
./data/intv_data/experiment30,poly,Continent,8, 3, 3, 3, 3, 1, 1, 1, 1, 1, 1,29, 4, 4, 4, 4, 4, 4, 4, 4, 4, 4,0.81, 0.94, 0.94, 0.94, 0.94, 0.98, 0.98, 0.98, 0.98, 0.98, 0.98,1, 2, 3, 3, 3, 4, 4, 4, 4, 4, 4,10,10,2024-02-07 05:06:27.994711
./data/intv_data/experiment30,poly,Globe,1, 1, 1, 1, 1, 1, 1, 1, 1, 1, 5,1, 1, 1, 1, 1, 1, 1, 1, 1, 1, 23,1, 1, 1, 1, 1, 1, 1, 1, 1, 1, 0.88,1, 1, 1, 1, 1, 1, 1, 1, 1, 1, 1,10,10,2024-02-07 05:06:27.994730
./data/intv_data/experiment30,poly,GES,1, 1, 1, 1, 1, 1, 1, 1, 1, 1, 19,1, 1, 1, 1, 1, 1, 1, 1, 1, 1, 65,1, 1, 1, 1, 1, 1, 1, 1, 1, 1, 0.41,1, 1, 1, 1, 1, 1, 1, 1, 1, 1, 1,10,10,2024-02-07 05:06:27.994749
./data/intv_data/experiment30,poly,JCI-PC,1, 1, 1, 1, 1, 1, 1, 1, 1, 1, 23,1, 1, 1, 1, 1, 1, 1, 1, 1, 1, 77,0, 0, 0, 0, 0, 0, 0, 0, 0, 0, 0.39,1, 1, 1, 1, 1, 1, 1, 1, 1, 1, 1,10,10,2024-02-07 05:06:27.994770
./data/intv_data/experiment31,poly,DirectLingam,1, 1, 1, 1, 1, 1, 1, 1, 1, 1, 64,1, 1, 1, 1, 1, 1, 1, 1, 1, 1, 183,0, 0, 0, 0, 0, 0, 0, 0, 0, 0, 0.2,1, 1, 1, 1, 1, 1, 1, 1, 1, 1, 1,10,15,2024-02-07 05:27:14.093728
./data/intv_data/experiment31,poly,Continent,44, 45, 46, 45, 47, 48, 48, 51, 49, 49, 49,162, 162, 152, 137, 137, 137, 137, 135, 138, 138, 138,0.15, 0.18, 0.28, 0.32, 0.31, 0.31, 0.33, 0.32, 0.32, 0.32, 0.32,1, 2, 3, 4, 5, 6, 7, 8, 7, 7, 7,10,15,2024-02-07 05:27:14.093757
./data/intv_data/experiment31,poly,Globe,1, 1, 1, 1, 1, 1, 1, 1, 1, 1, 38,1, 1, 1, 1, 1, 1, 1, 1, 1, 1, 151,1, 1, 1, 1, 1, 1, 1, 1, 1, 1, 0.21,1, 1, 1, 1, 1, 1, 1, 1, 1, 1, 1,10,15,2024-02-07 05:27:14.093777
./data/intv_data/experiment31,poly,GES,1, 1, 1, 1, 1, 1, 1, 1, 1, 1, 37,1, 1, 1, 1, 1, 1, 1, 1, 1, 1, 167,1, 1, 1, 1, 1, 1, 1, 1, 1, 1, 0.39,1, 1, 1, 1, 1, 1, 1, 1, 1, 1, 1,10,15,2024-02-07 05:27:14.093797
./data/intv_data/experiment31,poly,JCI-PC,1, 1, 1, 1, 1, 1, 1, 1, 1, 1, 47,1, 1, 1, 1, 1, 1, 1, 1, 1, 1, 205,0, 0, 0, 0, 0, 0, 0, 0, 0, 0, 0.13,1, 1, 1, 1, 1, 1, 1, 1, 1, 1, 1,10,15,2024-02-07 05:27:14.093818
./data/intv_data/experiment32,poly,DirectLingam,1, 1, 1, 1, 1, 1, 1, 1, 1, 1, 67,1, 1, 1, 1, 1, 1, 1, 1, 1, 1, 143,0, 0, 0, 0, 0, 0, 0, 0, 0, 0, 0.31,1, 1, 1, 1, 1, 1, 1, 1, 1, 1, 1,10,15,2024-02-07 05:48:57.645728
./data/intv_data/experiment32,poly,Continent,35, 34, 31, 31, 31, 31, 31, 31, 30, 30, 30,96, 95, 90, 89, 87, 99, 99, 99, 87, 87, 87,0.5, 0.53, 0.59, 0.6, 0.62, 0.62, 0.62, 0.62, 0.63, 0.63, 0.61,1, 2, 3, 4, 5, 6, 6, 6, 6, 6, 6,10,15,2024-02-07 05:48:57.645759
./data/intv_data/experiment32,poly,Globe,1, 1, 1, 1, 1, 1, 1, 1, 1, 1, 31,1, 1, 1, 1, 1, 1, 1, 1, 1, 1, 98,1, 1, 1, 1, 1, 1, 1, 1, 1, 1, 0.55,1, 1, 1, 1, 1, 1, 1, 1, 1, 1, 1,10,15,2024-02-07 05:48:57.645783
./data/intv_data/experiment32,poly,GES,1, 1, 1, 1, 1, 1, 1, 1, 1, 1, 46,1, 1, 1, 1, 1, 1, 1, 1, 1, 1, 137,1, 1, 1, 1, 1, 1, 1, 1, 1, 1, 0.38,1, 1, 1, 1, 1, 1, 1, 1, 1, 1, 1,10,15,2024-02-07 05:48:57.645805
./data/intv_data/experiment32,poly,JCI-PC,1, 1, 1, 1, 1, 1, 1, 1, 1, 1, 46,1, 1, 1, 1, 1, 1, 1, 1, 1, 1, 174,0, 0, 0, 0, 0, 0, 0, 0, 0, 0, 0.23,1, 1, 1, 1, 1, 1, 1, 1, 1, 1, 1,10,15,2024-02-07 05:48:57.645826
./data/intv_data/experiment33,poly,DirectLingam,1, 1, 1, 1, 1, 1, 1, 1, 1, 1, 31,1, 1, 1, 1, 1, 1, 1, 1, 1, 1, 159,0, 0, 0, 0, 0, 0, 0, 0, 0, 0, 0.15,1, 1, 1, 1, 1, 1, 1, 1, 1, 1, 1,10,15,2024-02-07 06:08:30.259539
./data/intv_data/experiment33,poly,Continent,14, 13, 13, 12, 12, 12, 12, 15, 15, 15, 15,61, 35, 35, 26, 26, 26, 26, 41, 41, 41, 41,0.74, 0.81, 0.81, 0.83, 0.83, 0.83, 0.83, 0.79, 0.79, 0.79, 0.79,1, 2, 2, 3, 3, 4, 5, 6, 6, 6, 6,10,15,2024-02-07 06:08:30.259576
./data/intv_data/experiment33,poly,Globe,1, 1, 1, 1, 1, 1, 1, 1, 1, 1, 11,1, 1, 1, 1, 1, 1, 1, 1, 1, 1, 59,1, 1, 1, 1, 1, 1, 1, 1, 1, 1, 0.8,1, 1, 1, 1, 1, 1, 1, 1, 1, 1, 1,10,15,2024-02-07 06:08:30.259596
./data/intv_data/experiment33,poly,GES,1, 1, 1, 1, 1, 1, 1, 1, 1, 1, 44,1, 1, 1, 1, 1, 1, 1, 1, 1, 1, 171,1, 1, 1, 1, 1, 1, 1, 1, 1, 1, 0.23,1, 1, 1, 1, 1, 1, 1, 1, 1, 1, 1,10,15,2024-02-07 06:08:30.259621
./data/intv_data/experiment33,poly,JCI-PC,1, 1, 1, 1, 1, 1, 1, 1, 1, 1, 35,1, 1, 1, 1, 1, 1, 1, 1, 1, 1, 185,0, 0, 0, 0, 0, 0, 0, 0, 0, 0, 0.14,1, 1, 1, 1, 1, 1, 1, 1, 1, 1, 1,10,15,2024-02-07 06:08:30.260185
./data/intv_data/experiment34,poly,DirectLingam,1, 1, 1, 1, 1, 1, 1, 1, 1, 1, 48,1, 1, 1, 1, 1, 1, 1, 1, 1, 1, 178,0, 0, 0, 0, 0, 0, 0, 0, 0, 0, 0.04,1, 1, 1, 1, 1, 1, 1, 1, 1, 1, 1,10,15,2024-02-07 06:25:03.448781
./data/intv_data/experiment34,poly,Continent,17, 17, 16, 16, 16, 15, 15, 15, 20, 20, 20,67, 67, 63, 63, 63, 74, 74, 74, 77, 77, 77,0.81, 0.81, 0.83, 0.83, 0.83, 0.83, 0.83, 0.83, 0.77, 0.77, 0.77,1, 2, 3, 3, 3, 3, 3, 3, 3, 3, 3,10,15,2024-02-07 06:25:03.448815
./data/intv_data/experiment34,poly,Globe,1, 1, 1, 1, 1, 1, 1, 1, 1, 1, 49,1, 1, 1, 1, 1, 1, 1, 1, 1, 1, 176,1, 1, 1, 1, 1, 1, 1, 1, 1, 1, 0,1, 1, 1, 1, 1, 1, 1, 1, 1, 1, 1,10,15,2024-02-07 06:25:03.448849
./data/intv_data/experiment34,poly,GES,1, 1, 1, 1, 1, 1, 1, 1, 1, 1, 46,1, 1, 1, 1, 1, 1, 1, 1, 1, 1, 187,1, 1, 1, 1, 1, 1, 1, 1, 1, 1, 0.14,1, 1, 1, 1, 1, 1, 1, 1, 1, 1, 1,10,15,2024-02-07 06:25:03.448869
./data/intv_data/experiment34,poly,JCI-PC,1, 1, 1, 1, 1, 1, 1, 1, 1, 1, 49,1, 1, 1, 1, 1, 1, 1, 1, 1, 1, 170,0, 0, 0, 0, 0, 0, 0, 0, 0, 0, 0.16,1, 1, 1, 1, 1, 1, 1, 1, 1, 1, 1,10,15,2024-02-07 06:25:03.448889
./data/intv_data/experiment35,poly,DirectLingam,1, 1, 1, 1, 1, 1, 1, 1, 1, 1, 48,1, 1, 1, 1, 1, 1, 1, 1, 1, 1, 175,0, 0, 0, 0, 0, 0, 0, 0, 0, 0, 0.11,1, 1, 1, 1, 1, 1, 1, 1, 1, 1, 1,10,15,2024-02-07 06:40:28.132696
./data/intv_data/experiment35,poly,Continent,20, 16, 18, 18, 18, 18, 18, 18, 18, 18, 18,64, 35, 35, 35, 35, 35, 35, 35, 35, 35, 35,0.77, 0.83, 0.82, 0.82, 0.82, 0.82, 0.82, 0.82, 0.82, 0.82, 0.82,1, 2, 3, 3, 4, 4, 4, 4, 4, 4, 4,10,15,2024-02-07 06:40:28.132733
./data/intv_data/experiment35,poly,Globe,1, 1, 1, 1, 1, 1, 1, 1, 1, 1, 49,1, 1, 1, 1, 1, 1, 1, 1, 1, 1, 172,1, 1, 1, 1, 1, 1, 1, 1, 1, 1, 0,1, 1, 1, 1, 1, 1, 1, 1, 1, 1, 1,10,15,2024-02-07 06:40:28.132762
./data/intv_data/experiment35,poly,GES,1, 1, 1, 1, 1, 1, 1, 1, 1, 1, 50,1, 1, 1, 1, 1, 1, 1, 1, 1, 1, 163,1, 1, 1, 1, 1, 1, 1, 1, 1, 1, 0.21,1, 1, 1, 1, 1, 1, 1, 1, 1, 1, 1,10,15,2024-02-07 06:40:28.132787
./data/intv_data/experiment35,poly,JCI-PC,1, 1, 1, 1, 1, 1, 1, 1, 1, 1, 49,1, 1, 1, 1, 1, 1, 1, 1, 1, 1, 149,0, 0, 0, 0, 0, 0, 0, 0, 0, 0, 0.23,1, 1, 1, 1, 1, 1, 1, 1, 1, 1, 1,10,15,2024-02-07 06:40:28.132816
./data/intv_data/experiment36,poly,DirectLingam,1, 1, 1, 1, 1, 1, 1, 1, 1, 1, 66,1, 1, 1, 1, 1, 1, 1, 1, 1, 1, 152,0, 0, 0, 0, 0, 0, 0, 0, 0, 0, 0.19,1, 1, 1, 1, 1, 1, 1, 1, 1, 1, 1,10,15,2024-02-07 07:05:42.138022
./data/intv_data/experiment36,poly,Continent,11, 8, 9, 9, 9, 7, 7, 7, 7, 7, 7,47, 37, 45, 45, 45, 29, 29, 29, 29, 29, 29,0.86, 0.9, 0.9, 0.9, 0.9, 0.92, 0.92, 0.92, 0.92, 0.92, 0.92,1, 2, 3, 3, 3, 3, 3, 3, 3, 3, 3,10,15,2024-02-07 07:05:42.138057
./data/intv_data/experiment36,poly,Globe,1, 1, 1, 1, 1, 1, 1, 1, 1, 1, 11,1, 1, 1, 1, 1, 1, 1, 1, 1, 1, 51,1, 1, 1, 1, 1, 1, 1, 1, 1, 1, 0.86,1, 1, 1, 1, 1, 1, 1, 1, 1, 1, 1,10,15,2024-02-07 07:05:42.138074
./data/intv_data/experiment36,poly,GES,1, 1, 1, 1, 1, 1, 1, 1, 1, 1, 45,1, 1, 1, 1, 1, 1, 1, 1, 1, 1, 99,1, 1, 1, 1, 1, 1, 1, 1, 1, 1, 0.53,1, 1, 1, 1, 1, 1, 1, 1, 1, 1, 1,10,15,2024-02-07 07:05:42.138094
./data/intv_data/experiment36,poly,JCI-PC,1, 1, 1, 1, 1, 1, 1, 1, 1, 1, 44,1, 1, 1, 1, 1, 1, 1, 1, 1, 1, 165,0, 0, 0, 0, 0, 0, 0, 0, 0, 0, 0.19,1, 1, 1, 1, 1, 1, 1, 1, 1, 1, 1,10,15,2024-02-07 07:05:42.138117
./data/intv_data/experiment37,poly,DirectLingam,1, 1, 1, 1, 1, 1, 1, 1, 1, 1, 70,1, 1, 1, 1, 1, 1, 1, 1, 1, 1, 126,0, 0, 0, 0, 0, 0, 0, 0, 0, 0, 0.35,1, 1, 1, 1, 1, 1, 1, 1, 1, 1, 1,10,15,2024-02-07 07:25:01.489000
./data/intv_data/experiment37,poly,Continent,47, 23, 23, 23, 23, 23, 23, 23, 38, 38, 38,159, 53, 53, 53, 53, 53, 53, 53, 136, 136, 136,0, 0.72, 0.72, 0.72, 0.72, 0.72, 0.72, 0.72, 0.34, 0.34, 0.34,1, 2, 2, 2, 2, 3, 3, 3, 3, 3, 3,10,15,2024-02-07 07:25:01.489039
./data/intv_data/experiment37,poly,Globe,1, 1, 1, 1, 1, 1, 1, 1, 1, 1, 25,1, 1, 1, 1, 1, 1, 1, 1, 1, 1, 92,1, 1, 1, 1, 1, 1, 1, 1, 1, 1, 0.65,1, 1, 1, 1, 1, 1, 1, 1, 1, 1, 1,10,15,2024-02-07 07:25:01.489061
./data/intv_data/experiment37,poly,GES,1, 1, 1, 1, 1, 1, 1, 1, 1, 1, 46,1, 1, 1, 1, 1, 1, 1, 1, 1, 1, 157,1, 1, 1, 1, 1, 1, 1, 1, 1, 1, 0.29,1, 1, 1, 1, 1, 1, 1, 1, 1, 1, 1,10,15,2024-02-07 07:25:01.489086
./data/intv_data/experiment37,poly,JCI-PC,1, 1, 1, 1, 1, 1, 1, 1, 1, 1, 44,1, 1, 1, 1, 1, 1, 1, 1, 1, 1, 169,0, 0, 0, 0, 0, 0, 0, 0, 0, 0, 0.24,1, 1, 1, 1, 1, 1, 1, 1, 1, 1, 1,10,15,2024-02-07 07:25:01.489110
./data/intv_data/experiment38,poly,DirectLingam,1, 1, 1, 1, 1, 1, 1, 1, 1, 1, 63,1, 1, 1, 1, 1, 1, 1, 1, 1, 1, 128,0, 0, 0, 0, 0, 0, 0, 0, 0, 0, 0.39,1, 1, 1, 1, 1, 1, 1, 1, 1, 1, 1,10,15,2024-02-07 07:42:56.588698
./data/intv_data/experiment38,poly,Continent,46, 15, 15, 15, 15, 15, 15, 10, 11, 11, 11,154, 67, 67, 67, 67, 67, 67, 45, 60, 60, 60,0, 0.8, 0.8, 0.8, 0.8, 0.8, 0.8, 0.88, 0.87, 0.87, 0.87,1, 2, 2, 2, 2, 2, 2, 3, 3, 3, 3,10,15,2024-02-07 07:42:56.588738
./data/intv_data/experiment38,poly,Globe,1, 1, 1, 1, 1, 1, 1, 1, 1, 1, 46,1, 1, 1, 1, 1, 1, 1, 1, 1, 1, 154,1, 1, 1, 1, 1, 1, 1, 1, 1, 1, 0,1, 1, 1, 1, 1, 1, 1, 1, 1, 1, 1,10,15,2024-02-07 07:42:56.588760
./data/intv_data/experiment38,poly,GES,1, 1, 1, 1, 1, 1, 1, 1, 1, 1, 43,1, 1, 1, 1, 1, 1, 1, 1, 1, 1, 139,1, 1, 1, 1, 1, 1, 1, 1, 1, 1, 0.19,1, 1, 1, 1, 1, 1, 1, 1, 1, 1, 1,10,15,2024-02-07 07:42:56.588785
./data/intv_data/experiment38,poly,JCI-PC,1, 1, 1, 1, 1, 1, 1, 1, 1, 1, 46,1, 1, 1, 1, 1, 1, 1, 1, 1, 1, 164,0, 0, 0, 0, 0, 0, 0, 0, 0, 0, 0.26,1, 1, 1, 1, 1, 1, 1, 1, 1, 1, 1,10,15,2024-02-07 07:42:56.588808
./data/intv_data/experiment39,poly,DirectLingam,1, 1, 1, 1, 1, 1, 1, 1, 1, 1, 76,1, 1, 1, 1, 1, 1, 1, 1, 1, 1, 183,0, 0, 0, 0, 0, 0, 0, 0, 0, 0, 0.14,1, 1, 1, 1, 1, 1, 1, 1, 1, 1, 1,10,15,2024-02-07 08:04:16.760103
./data/intv_data/experiment39,poly,Continent,54, 56, 55, 55, 56, 57, 57, 57, 56, 56, 57,160, 166, 165, 160, 170, 168, 168, 168, 171, 171, 172,0.18, 0.24, 0.27, 0.33, 0.35, 0.36, 0.36, 0.36, 0.33, 0.33, 0.31,1, 2, 3, 4, 5, 6, 7, 7, 6, 6, 6,10,15,2024-02-07 08:04:16.760132
./data/intv_data/experiment39,poly,Globe,1, 1, 1, 1, 1, 1, 1, 1, 1, 1, 51,1, 1, 1, 1, 1, 1, 1, 1, 1, 1, 166,1, 1, 1, 1, 1, 1, 1, 1, 1, 1, 0.11,1, 1, 1, 1, 1, 1, 1, 1, 1, 1, 1,10,15,2024-02-07 08:04:16.760151
./data/intv_data/experiment39,poly,GES,1, 1, 1, 1, 1, 1, 1, 1, 1, 1, 44,1, 1, 1, 1, 1, 1, 1, 1, 1, 1, 166,1, 1, 1, 1, 1, 1, 1, 1, 1, 1, 0.33,1, 1, 1, 1, 1, 1, 1, 1, 1, 1, 1,10,15,2024-02-07 08:04:16.760200
./data/intv_data/experiment39,poly,JCI-PC,1, 1, 1, 1, 1, 1, 1, 1, 1, 1, 47,1, 1, 1, 1, 1, 1, 1, 1, 1, 1, 204,0, 0, 0, 0, 0, 0, 0, 0, 0, 0, 0.19,1, 1, 1, 1, 1, 1, 1, 1, 1, 1, 1,10,15,2024-02-07 08:04:16.760227
./data/intv_data/experiment40,poly,DirectLingam,1, 1, 1, 1, 1, 1, 1, 1, 1, 1, 70,1, 1, 1, 1, 1, 1, 1, 1, 1, 1, 175,0, 0, 0, 0, 0, 0, 0, 0, 0, 0, 0.26,1, 1, 1, 1, 1, 1, 1, 1, 1, 1, 1,10,15,2024-02-07 08:30:15.191202
./data/intv_data/experiment40,poly,Continent,42, 37, 32, 30, 28, 30, 34, 34, 30, 30, 29,144, 143, 118, 101, 97, 95, 115, 115, 122, 122, 123,0.38, 0.54, 0.65, 0.68, 0.71, 0.7, 0.65, 0.65, 0.67, 0.67, 0.67,1, 2, 3, 4, 5, 6, 6, 6, 5, 5, 5,10,15,2024-02-07 08:30:15.191232
./data/intv_data/experiment40,poly,Globe,1, 1, 1, 1, 1, 1, 1, 1, 1, 1, 32,1, 1, 1, 1, 1, 1, 1, 1, 1, 1, 139,1, 1, 1, 1, 1, 1, 1, 1, 1, 1, 0.56,1, 1, 1, 1, 1, 1, 1, 1, 1, 1, 1,10,15,2024-02-07 08:30:15.191251
./data/intv_data/experiment40,poly,GES,1, 1, 1, 1, 1, 1, 1, 1, 1, 1, 58,1, 1, 1, 1, 1, 1, 1, 1, 1, 1, 139,1, 1, 1, 1, 1, 1, 1, 1, 1, 1, 0.33,1, 1, 1, 1, 1, 1, 1, 1, 1, 1, 1,10,15,2024-02-07 08:30:15.191269
./data/intv_data/experiment40,poly,JCI-PC,1, 1, 1, 1, 1, 1, 1, 1, 1, 1, 51,1, 1, 1, 1, 1, 1, 1, 1, 1, 1, 169,0, 0, 0, 0, 0, 0, 0, 0, 0, 0, 0.21,1, 1, 1, 1, 1, 1, 1, 1, 1, 1, 1,10,15,2024-02-07 08:30:15.191610
./data/intv_data/experiment41,poly,DirectLingam,1, 1, 1, 1, 1, 1, 1, 1, 1, 1, 73,1, 1, 1, 1, 1, 1, 1, 1, 1, 1, 142,0, 0, 0, 0, 0, 0, 0, 0, 0, 0, 0.29,1, 1, 1, 1, 1, 1, 1, 1, 1, 1, 1,10,15,2024-02-07 08:40:59.772611
./data/intv_data/experiment41,poly,Continent,21, 21, 21, 21, 21, 30, 30, 30, 33, 15, 15,89, 89, 89, 89, 89, 117, 117, 117, 124, 82, 82,0.72, 0.72, 0.72, 0.72, 0.72, 0.5, 0.5, 0.5, 0.43, 0.8, 0.8,1, 2, 2, 2, 2, 2, 2, 2, 2, 3, 3,10,15,2024-02-07 08:40:59.772641
./data/intv_data/experiment41,poly,Globe,1, 1, 1, 1, 1, 1, 1, 1, 1, 1, 44,1, 1, 1, 1, 1, 1, 1, 1, 1, 1, 173,1, 1, 1, 1, 1, 1, 1, 1, 1, 1, 0,1, 1, 1, 1, 1, 1, 1, 1, 1, 1, 1,10,15,2024-02-07 08:40:59.772668
./data/intv_data/experiment41,poly,GES,1, 1, 1, 1, 1, 1, 1, 1, 1, 1, 42,1, 1, 1, 1, 1, 1, 1, 1, 1, 1, 170,1, 1, 1, 1, 1, 1, 1, 1, 1, 1, 0.19,1, 1, 1, 1, 1, 1, 1, 1, 1, 1, 1,10,15,2024-02-07 08:40:59.772690
./data/intv_data/experiment41,poly,JCI-PC,1, 1, 1, 1, 1, 1, 1, 1, 1, 1, 60,1, 1, 1, 1, 1, 1, 1, 1, 1, 1, 166,0, 0, 0, 0, 0, 0, 0, 0, 0, 0, 0.2,1, 1, 1, 1, 1, 1, 1, 1, 1, 1, 1,10,15,2024-02-07 08:40:59.772712
./data/intv_data/experiment42,poly,DirectLingam,1, 1, 1, 1, 1, 1, 1, 1, 1, 1, 46,1, 1, 1, 1, 1, 1, 1, 1, 1, 1, 150,0, 0, 0, 0, 0, 0, 0, 0, 0, 0, 0,1, 1, 1, 1, 1, 1, 1, 1, 1, 1, 1,10,15,2024-02-07 08:51:26.143174
./data/intv_data/experiment42,poly,Continent,12, 12, 13, 13, 13, 17, 17, 17, 17, 17, 17,33, 33, 41, 41, 41, 74, 74, 74, 74, 74, 74,0.86, 0.86, 0.85, 0.85, 0.85, 0.78, 0.78, 0.78, 0.78, 0.78, 0.78,1, 1, 2, 2, 2, 2, 2, 2, 2, 2, 2,10,15,2024-02-07 08:51:26.143208
./data/intv_data/experiment42,poly,Globe,1, 1, 1, 1, 1, 1, 1, 1, 1, 1, 46,1, 1, 1, 1, 1, 1, 1, 1, 1, 1, 150,1, 1, 1, 1, 1, 1, 1, 1, 1, 1, 0,1, 1, 1, 1, 1, 1, 1, 1, 1, 1, 1,10,15,2024-02-07 08:51:26.143230
./data/intv_data/experiment42,poly,GES,1, 1, 1, 1, 1, 1, 1, 1, 1, 1, 43,1, 1, 1, 1, 1, 1, 1, 1, 1, 1, 147,1, 1, 1, 1, 1, 1, 1, 1, 1, 1, 0.16,1, 1, 1, 1, 1, 1, 1, 1, 1, 1, 1,10,15,2024-02-07 08:51:26.143254
./data/intv_data/experiment42,poly,JCI-PC,1, 1, 1, 1, 1, 1, 1, 1, 1, 1, 44,1, 1, 1, 1, 1, 1, 1, 1, 1, 1, 148,0, 0, 0, 0, 0, 0, 0, 0, 0, 0, 0.18,1, 1, 1, 1, 1, 1, 1, 1, 1, 1, 1,10,15,2024-02-07 08:51:26.143278
./data/intv_data/experiment43,poly,DirectLingam,1, 1, 1, 1, 1, 1, 1, 1, 1, 1, 64,1, 1, 1, 1, 1, 1, 1, 1, 1, 1, 190,0, 0, 0, 0, 0, 0, 0, 0, 0, 0, 0.14,1, 1, 1, 1, 1, 1, 1, 1, 1, 1, 1,10,15,2024-02-07 09:02:55.415074
./data/intv_data/experiment43,poly,Continent,47, 46, 45, 43, 45, 42, 42, 42, 41, 41, 44,187, 195, 182, 179, 179, 179, 179, 179, 157, 157, 173,0.2, 0.25, 0.32, 0.39, 0.38, 0.35, 0.35, 0.35, 0.36, 0.36, 0.29,1, 2, 3, 4, 5, 4, 4, 4, 4, 4, 4,10,15,2024-02-07 09:02:55.415104
./data/intv_data/experiment43,poly,Globe,1, 1, 1, 1, 1, 1, 1, 1, 1, 1, 44,1, 1, 1, 1, 1, 1, 1, 1, 1, 1, 150,1, 1, 1, 1, 1, 1, 1, 1, 1, 1, 0.21,1, 1, 1, 1, 1, 1, 1, 1, 1, 1, 1,10,15,2024-02-07 09:02:55.415122
./data/intv_data/experiment43,poly,GES,1, 1, 1, 1, 1, 1, 1, 1, 1, 1, 41,1, 1, 1, 1, 1, 1, 1, 1, 1, 1, 179,1, 1, 1, 1, 1, 1, 1, 1, 1, 1, 0.36,1, 1, 1, 1, 1, 1, 1, 1, 1, 1, 1,10,15,2024-02-07 09:02:55.415142
./data/intv_data/experiment43,poly,JCI-PC,1, 1, 1, 1, 1, 1, 1, 1, 1, 1, 47,1, 1, 1, 1, 1, 1, 1, 1, 1, 1, 191,0, 0, 0, 0, 0, 0, 0, 0, 0, 0, 0.16,1, 1, 1, 1, 1, 1, 1, 1, 1, 1, 1,10,15,2024-02-07 09:02:55.415164
./data/intv_data/experiment44,poly,DirectLingam,1, 1, 1, 1, 1, 1, 1, 1, 1, 1, 82,1, 1, 1, 1, 1, 1, 1, 1, 1, 1, 165,0, 0, 0, 0, 0, 0, 0, 0, 0, 0, 0.16,1, 1, 1, 1, 1, 1, 1, 1, 1, 1, 1,10,15,2024-02-07 09:19:02.325047
./data/intv_data/experiment44,poly,Continent,37, 30, 31, 32, 30, 30, 30, 29, 25, 27, 27,129, 113, 112, 117, 104, 90, 90, 100, 102, 125, 125,0.39, 0.57, 0.56, 0.57, 0.64, 0.65, 0.65, 0.67, 0.7, 0.69, 0.69,1, 2, 3, 4, 5, 5, 5, 5, 4, 5, 5,10,15,2024-02-07 09:19:02.325078
./data/intv_data/experiment44,poly,Globe,1, 1, 1, 1, 1, 1, 1, 1, 1, 1, 28,1, 1, 1, 1, 1, 1, 1, 1, 1, 1, 96,1, 1, 1, 1, 1, 1, 1, 1, 1, 1, 0.55,1, 1, 1, 1, 1, 1, 1, 1, 1, 1, 1,10,15,2024-02-07 09:19:02.325100
./data/intv_data/experiment44,poly,GES,1, 1, 1, 1, 1, 1, 1, 1, 1, 1, 40,1, 1, 1, 1, 1, 1, 1, 1, 1, 1, 133,1, 1, 1, 1, 1, 1, 1, 1, 1, 1, 0.46,1, 1, 1, 1, 1, 1, 1, 1, 1, 1, 1,10,15,2024-02-07 09:19:02.325118
./data/intv_data/experiment44,poly,JCI-PC,1, 1, 1, 1, 1, 1, 1, 1, 1, 1, 41,1, 1, 1, 1, 1, 1, 1, 1, 1, 1, 161,0, 0, 0, 0, 0, 0, 0, 0, 0, 0, 0.19,1, 1, 1, 1, 1, 1, 1, 1, 1, 1, 1,10,15,2024-02-07 09:19:02.325222
./data/intv_data/experiment45,poly,DirectLingam,1, 1, 1, 1, 1, 1, 1, 1, 1, 1, 66,1, 1, 1, 1, 1, 1, 1, 1, 1, 1, 145,0, 0, 0, 0, 0, 0, 0, 0, 0, 0, 0.32,1, 1, 1, 1, 1, 1, 1, 1, 1, 1, 1,10,15,2024-02-07 09:37:07.875916
./data/intv_data/experiment45,poly,Continent,35, 35, 35, 35, 35, 41, 39, 39, 38, 38, 38,139, 139, 139, 139, 139, 133, 124, 124, 124, 124, 124,0.54, 0.54, 0.54, 0.54, 0.54, 0.54, 0.61, 0.61, 0.62, 0.62, 0.62,1, 1, 2, 2, 2, 3, 4, 4, 4, 4, 4,10,15,2024-02-07 09:37:07.875943
./data/intv_data/experiment45,poly,Globe,1, 1, 1, 1, 1, 1, 1, 1, 1, 1, 32,1, 1, 1, 1, 1, 1, 1, 1, 1, 1, 133,1, 1, 1, 1, 1, 1, 1, 1, 1, 1, 0.56,1, 1, 1, 1, 1, 1, 1, 1, 1, 1, 1,10,15,2024-02-07 09:37:07.875961
./data/intv_data/experiment45,poly,GES,1, 1, 1, 1, 1, 1, 1, 1, 1, 1, 57,1, 1, 1, 1, 1, 1, 1, 1, 1, 1, 186,1, 1, 1, 1, 1, 1, 1, 1, 1, 1, 0.22,1, 1, 1, 1, 1, 1, 1, 1, 1, 1, 1,10,15,2024-02-07 09:37:07.875981
./data/intv_data/experiment45,poly,JCI-PC,1, 1, 1, 1, 1, 1, 1, 1, 1, 1, 50,1, 1, 1, 1, 1, 1, 1, 1, 1, 1, 199,0, 0, 0, 0, 0, 0, 0, 0, 0, 0, 0.19,1, 1, 1, 1, 1, 1, 1, 1, 1, 1, 1,10,15,2024-02-07 09:37:07.876009
